,location,cafe_name
0,강남역,카페노티드 청담
125,강남역,블루보틀 역삼
166,강남역,랑데자뷰 강남점
196,강남역,꽁티드툴레아 도산점
225,강남역,카페캠프통 압구정살롱점
242,강남역,10꼬르소꼬모카페
299,강남역,썸띵어바웃커피
337,강남역,카페써드
339,강남역,펠트커피 도산공원점
382,강남역,아우어베이커리 싸이더스점
400,강남역,소진담 신사점
441,강남역,파넬카페
471,강남역,껠끄쇼즈
506,강남역,달링키친
536,강남역,고센
614,강남역,에잇디
636,강남역,로얄마카롱
667,강남역,크리에잇쿠키 역삼점
684,강남역,미엘
757,강남역,세드라
785,강남역,겟썸커피
822,강남역,더닐크팩토리 가로수길지점
856,강남역,맷카페
895,강남역,SM타운카페
900,강남역,이브닝블루
909,강남역,세시셀라 도산공원점
991,강남역,마일스톤커피
1053,강남역,데칸트
1080,강남역,카페레이어스튜디오
1090,강남역,빵어니스타 압구정점
1118,강남역,클라우즈비
1142,강남역,67soho
1172,강남역,카페블라썸 강남점
1196,강남역,듀자미
1302,강남역,트리아농
1327,강남역,빌리엔젤 강남역점
1368,강남역,가비터
1395,강남역,기욤 청담점
1456,강남역,도레도레 신사점
1550,강남역,가배도 신논현점
1597,강남역,연립빵공장
1681,강남역,쉼스토리
1695,강남역,키이스케이프 강남점
1697,강남역,루프808
1735,강남역,카페인더핑크
1743,강남역,트리스트
1758,강남역,아우어커피 강남점
1786,강남역,폴인팬케이크 강남점
1816,강남역,다노이 선릉점
1820,강남역,룸서비스301
1850,강남역,타이거슈가 청담점
1857,강남역,웻커피 신사점
1875,강남역,논탄토
1907,강남역,치카리셔스
1917,강남역,파시0914
1920,강남역,카페뮬라
1948,강남역,정식카페
1964,강남역,까치화방 강남점
1991,강남역,카페키츠네 서울
2004,강남역,수수커피
2049,강남역,평화다방 강남역점
2076,강남역,테라로사 코엑스점
2125,강남역,이디야커피랩
2225,강남역,디올카페
2236,강남역,수수커피 가로수길점
2264,강남역,식물원282
2281,강남역,비트포비아 강남던전점
2287,강남역,카페봄
2292,강남역,코드케이 강남점
2306,강남역,카페알케미
2333,강남역,커피스미스 가로수길점
2376,강남역,카페그라쎄
2395,강남역,나이브커피
2401,강남역,스타벅스 청담스타R점
2421,강남역,모스가든
2431,강남역,모찌방
2443,강남역,겟썸커피 신사점
2463,강남역,브라운핸즈 도곡점
2496,강남역,후웨이즈텐카민
2509,강남역,아임뮤트
2540,강남역,투썸플레이스 신논현역점
2575,강남역,브라운홀릭
2608,강남역,나따오비까 신사점
2639,강남역,엠마앤리아
2667,강남역,스크렘
2687,강남역,아카시아
2696,강남역,르사이트
2711,강남역,이스트덜위치
2722,강남역,타이거슈가 삼성로점
2725,강남역,파란만잔
2739,강남역,카페엘씨엘로
2749,강남역,룸카페 바니
2753,강남역,데바스테이트 청담본점
2766,강남역,에이바우트커피 서울역삼점
2776,강남역,뮬리
2785,강남역,날웃게해
2792,강남역,숲숨그레이
2837,강남역,난만
2839,강남역,오너스
2848,강남역,루소랩 청담점
2877,강남역,마크레인커피
2896,강남역,헤이미
2913,강남역,맨션나인 위드인라운지 신사점
2917,강남역,마이쏭
2966,강남역,카페뮤제
2976,강남역,와인북카페
2994,강남역,카시나아카디움
3006,강남역,어반81
3016,강남역,카페수수히
3017,신촌,더파이홀
3120,신촌,고르드
3187,신촌,그릭데이 이대점
3228,신촌,독수리다방
3296,신촌,에이투지카페
3326,신촌,와플잇업 이대2호점
3383,신촌,클로리스 신촌점
3496,신촌,빌리엔젤 신촌점
3524,신촌,카페미뇽 신촌점
3543,신촌,스타벅스 이대R점
3571,신촌,지구별고양이
3583,신촌,레드버튼 신촌점
3592,신촌,베어스덴
3609,신촌,스타벅스 신촌점
3636,신촌,타르타르 신촌점
3654,신촌,투썸플레이스 신촌점
3697,신촌,곰미커피
3707,신촌,호밀밭
3964,신촌,타이거슈가 신촌점
3980,신촌,방탈출 룸익스케이프 화이트점
3989,신촌,원앤온리커피
3994,신촌,휴
4001,신촌,커피DZ 신촌점
4009,신촌,라플로레종
4025,신촌,주야창천
4029,신촌,할리스커피 신촌점
4055,신촌,문베어
4063,신촌,설빙 신촌점
4107,신촌,벤치커피스튜디오
4119,신촌,더클루 신촌프리미엄점
4130,신촌,카페 코지
4147,신촌,스타벅스 신촌역점
4154,신촌,잉겔스
4165,신촌,꾼낚시카페 홍대신촌점
4169,신촌,스타벅스 신촌명물거리점
4186,신촌,미네르바
4214,신촌,내사랑
4225,신촌,카페페라 본점
4255,신촌,커피스미스 신촌연대점
4272,신촌,방탈출제로
4275,신촌,에어플레인모드
4285,신촌,스타벅스 연세종합관점
4296,신촌,티앙팡 오후에 홍차 1호점
4349,신촌,메종드시크릿 방탈출카페
4351,신촌,꽃피다이화다방
4368,신촌,투썸플레이스 동교동삼거리점
4373,신촌,그레이프라운지 이대점
4382,신촌,책다방 위숨
4395,신촌,메가커피 신촌점
4397,신촌,탐앤탐스 신촌점
4411,신촌,커피빈 신촌점
4416,신촌,암흑카페
4423,신촌,세렌디피티
4433,신촌,스타벅스 이대ECC점
4444,신촌,스타벅스 연대동문점
4449,신촌,와플덴 이대정문점
4459,신촌,미스터힐링 신촌점
4468,신촌,투썸플레이스 이대역점
4474,신촌,여우사이
4501,신촌,이디야커피 신촌역점
4517,신촌,마이헬싱키카페
4523,신촌,할리스커피 신촌연세로점
4530,신촌,파스쿠찌 신촌연세대점
4544,신촌,탐앤탐스 신촌로터리점
4557,신촌,영랜드
4559,신촌,언플러그드 신촌점
4570,신촌,유원섬커피
4579,신촌,공차 신촌연세로점
4595,신촌,스타벅스 연세백양로점
4612,신촌,빽다방 신촌역점
4627,신촌,라오샹하이
4633,신촌,스타벅스 신촌아트레온점
4643,신촌,벨라프라하
4671,신촌,이디야커피 신촌기차역점
4675,신촌,마이시크릿메이트까페더샤리마
4680,신촌,라이프커피 이대점
4691,신촌,카페프린세스스토리
4697,신촌,방탈출카페 덫
4704,신촌,꿈꾸는반지하
4712,신촌,파파
4725,신촌,스타벅스 연대점
4733,신촌,놀숲 이대점
4749,신촌,넥스트에디션 신촌점
4752,신촌,카페카페
4781,신촌,어반앨리스
4790,신촌,스튜디오웝
4797,신촌,카페봄봄 이화여대점
4800,신촌,카페문
4802,신촌,데블다이스 신촌점
4806,신촌,공차 이대점
4819,신촌,더파니니
4828,신촌,빈스빈스 신촌연대점
4836,신촌,옥루몽 신촌본점
4907,신촌,차미리 연대점
4910,신촌,커피디바인 신촌점
4911,신촌,바나프레소 이대점
4915,신촌,밀탑 신촌점
4950,신촌,쥬씨 신촌점
4954,신촌,보드스쿨 신촌점
4956,신촌,이디야커피 연세대점
4962,신촌,카페봄날
4966,신촌,이디야커피 동교동점
4970,신촌,피망과토마토
4980,신촌,더벤티 신촌점
5000,신촌,파가니니
5008,신촌,파티오
5013,신촌,아마스빈 신촌점
5020,신촌,신촌반지클럽
5025,신촌,헌치브라운
5042,신촌,원없이
5053,신촌,컴포즈커피 신촌연세대점
5059,신촌,공차 연세암병원점
5066,신촌,청키파이
5074,신촌,마리웨일237 신촌아트레온점
5077,신촌,베가니끄
5089,신촌,수카페&쿠킹스튜디오
5092,신촌,커피크레페 본점
5101,신촌,에로스 사주카페
5109,신촌,아마스빈 이대점
5116,신촌,투썸플레이스 신촌연세로점
5117,신촌,방탈출ESC
5118,신촌,버블티킹
5123,신촌,모모커피
5124,신촌,초코블로썸
5171,신촌,타로카페썸
5172,신촌,고스트요거트 이대점
5179,신촌,신우유기
5181,신촌,페이즈
5183,신촌,레인트리
5197,신촌,에잇비돌체 신촌점
5198,신촌,카페자마레코드
5206,신촌,신촌로스팅라이브러리
5207,신촌,어썸차드 신촌점
5211,신촌,소원나무
5214,신촌,사주카페큐
5217,신촌,공차 이대익스프레스점
5223,신촌,카페바인 홍대점
5225,신촌,날마다 이대점
5226,신촌,아토
5227,신촌,명동사주카페
5240,신촌,카페쥬디
5245,신촌,프린세스다이어리
5251,신촌,앨리스
5256,신촌,파스쿠찌 연세우리라운지점
5258,신촌,팔공티 이화여대점
5263,신촌,코피발리 연대점
5267,신촌,안다르커피
5269,신촌,엘피스
5273,신촌,파티션 WSC
5276,신촌,참을성커피
5282,신촌,카페포엠
5285,신촌,마호가니 연세대학교점
5288,신촌,카페언더우드
5289,신촌,라플로르
5290,신촌,한숨
5292,신촌,브이알지카페
5295,신촌,멜론콜리
5298,신촌,팔공티 신촌점
5299,신촌,콩
5303,신촌,카페낢진 신촌점
5304,신촌,카페프루티
5307,신촌,샤갈의눈내리는마을
5308,신촌,체화당
5313,신촌,나띵벗커피
5319,신촌,더착한커피 이대점
5322,신촌,파스쿠찌 연세세브란스2호점
5323,신촌,섬
5327,신촌,스마일데이즈
5330,신촌,아이스베리 신촌점
5331,신촌,마시그래이 이대점
5335,신촌,사주랑타로랑
5336,신촌,케이브커피
5338,신촌,카페마지오
5341,신촌,커피쥬세요
5342,신촌,더블루스
5345,신촌,블루포트 이화여대점
5347,신촌,파란상자
5349,신촌,카페스위밍풀
5350,신촌,우후루
5351,신촌,카페퐁당
5352,신촌,카페베네 연세의료원점
5353,신촌,포토카페엔
5356,신촌,더 원더러스 코너
5357,신촌,사주카페
5359,신촌,카페다름
5361,신촌,닻사주타로
5362,신촌,수밀리
5363,신촌,운이좋은아이
5365,신촌,배꽃커피
5366,신촌,쥬시빈 이대점
5367,신촌,휴롬주스카페 신촌세브란스점
5368,신촌,커피콩즙
5369,신촌,펀까페
5372,신촌,작은카페
5373,신촌,뚜뚜아미
5374,신촌,버블트리 이화여대점
5376,신촌,더빈
5379,신촌,레몬트리
5381,신촌,고양이다락방
5382,신촌,러브스토리 신촌점
5386,신촌,커피섬
5387,신촌,CNN카페 이화여대점
5389,신촌,칸타트
5391,신촌,홈즈앤루팡 신촌점
5392,신촌,커피마루
5393,신촌,볼앤체인
5394,신촌,ROCK
5396,신촌,이지웨이 이대점
5398,신촌,엔젤디오커피
5399,신촌,체리파이
5408,신촌,Take 10Cafe
5479,신촌,더팬 신촌점
5493,신촌,이디야커피 연대서문점
5496,신촌,아지트커피 연대서문점
5502,신촌,호이차 연대서문점
5505,신촌,댓커피
5514,신촌,앤트러사이트 연희점
5585,신촌,카페공든
5599,신촌,시간이머무는홍차가게
5628,신촌,스타벅스 연희DT점
5655,신촌,스텔라커피
5670,신촌,연희다방
5673,신촌,히브루스
5687,신촌,마리아칼라스
5715,신촌,스타벅스 연희동점
5724,신촌,카페언더바
5728,신촌,커핀그루나루 이대점
5735,신촌,알레스카페
5754,신촌,커피쏭
5755,신촌,스타벅스 신촌오거리점
5769,신촌,웨이크컵
5777,신촌,콘하스 연희점
5861,신촌,카페 오분
5864,신촌,메가커피 연희점
5871,신촌,스플릿세컨드
5873,신촌,랭귀지랩
5878,신촌,크림필즈 연희본점
5909,신촌,투썸플레이스 신촌대로점
5923,신촌,더퍼즐
5940,신촌,연희38애비뉴
5948,신촌,커피베이 이대역점
5953,신촌,빙달 연희점
5958,신촌,맥널티커피팩토리
5971,신촌,이디야커피 신촌그랑자이점
5974,신촌,담
5976,신촌,커피더맨 추계예대점
5979,신촌,카페떼르
5982,신촌,이디야커피 연희삼거리점
5984,신촌,모리츠플라츠
6002,신촌,카멜롯 연희점
6003,신촌,보데이셔스
6007,신촌,비하인드리메인
6016,신촌,몽듀
6017,신촌,오트뤼
6021,신촌,레이지나인
6025,신촌,해피데이
6026,신촌,소디스커피
6030,신촌,더블유피
6038,신촌,투썸플레이스 마포대흥점
6048,신촌,두드림
6052,신촌,연희커피
6062,신촌,쥬씨 신촌이마트점
6064,신촌,써밋
6092,신촌,문카페
6093,신촌,카페리코
6095,신촌,엠드엠
6097,신촌,이디야커피 신촌로터리점
6103,신촌,위지안
6108,신촌,캐틀앤비 연희점
6109,신촌,르솔레이
6143,홍대,앤디스커피
6162,홍대,브런치가
6214,홍대,1984
6259,홍대,943킹스크로스
6345,홍대,룸즈에이 홍대점
6354,홍대,피오니 홍대점
6813,홍대,테일러커피 서교점
6937,홍대,타이거슈가 홍대본점
6970,홍대,톤앤매너
6985,홍대,공상온도
6996,홍대,이미
7080,홍대,카페장쌤
7138,홍대,W카페
7147,홍대,더페이머스램
7244,홍대,모두막
7246,홍대,작당모의
7301,홍대,태양커피 홍대점
7331,홍대,도화서가 홍대점(휴업중)
7350,홍대,비라티오 홍대점
7384,홍대,카페 지금여기
7389,홍대,오랑지
7439,홍대,버터밀크
7544,홍대,쇼콜라윰
7600,홍대,카페레드빅
7646,홍대,8810 리스트레토바
7672,홍대,애프터눈커피
7679,홍대,블랑
7747,홍대,데얼커피
7760,홍대,민트하임
7788,홍대,랑데자뷰 서교점
7832,홍대,르쁘띠푸 홍대본점
7929,홍대,모멘트커피 1호점
7946,홍대,히어로보드게임카페 홍대1호점
8003,홍대,카페요호(휴업중)
8037,홍대,땡스네이쳐
8079,홍대,C27 홍대점
8088,홍대,모멘트커피 2호점
8115,홍대,까페얌
8123,홍대,빌리엔젤 홍대점
8159,홍대,카페디원피스
8175,홍대,스타벅스 홍대역점
8202,홍대,그릭데이 홍대점
8219,홍대,대충유원지
8250,홍대,라뚜셩트
8276,홍대,수카라
8392,홍대,카페로제
8396,홍대,폴인팬케이크
8438,홍대,필로
8444,홍대,스타벅스 홍대입구역사거리R점
8470,홍대,논탄토 연남점
8499,홍대,러빈허 플라워&갤러리 카페
8514,홍대,코코샌드
8526,홍대,카페그랑주
8532,홍대,스타벅스 홍대공항철도역점
8546,홍대,랜디스도넛 연남점
8624,홍대,루바브
8654,홍대,미라보양과자점
8668,홍대,연남방앗간
8702,홍대,스타일난다 핑크풀카페 홍대점
8705,홍대,리플로우
8722,홍대,밀로커피로스터스
8781,홍대,럭키티 홍대본점
8787,홍대,모파상
8855,홍대,히어로보드게임카페 홍대2호점
8881,홍대,카페스케치북
8894,홍대,펠른
8921,홍대,투썸플레이스 홍대걷고싶은거리점
8926,홍대,아날로그가든
8954,홍대,와플몬스터 홍대본점
8965,홍대,재미난조각가 홍대점
8980,홍대,홍콩다방
8981,홍대,딥커피
9035,홍대,일쩜오플로어 연남
9050,홍대,설빙 홍대입구역점
9087,홍대,알디프
9093,홍대,베이브
9098,홍대,비밀의화원 홍대점
9117,홍대,휴카페
9121,홍대,팀플레이스
9126,홍대,라헬의부엌 홍대점
9138,홍대,유포테이블카페 홍대점
9143,홍대,딩굴딩굴알타미라
9156,홍대,싸인이스케이프 홍대점
9157,홍대,머쉬룸카페
9161,홍대,랠리포인트
9177,홍대,커피짱
9183,홍대,커피빈 홍대역점
9190,홍대,코이크
9203,홍대,모리츠플라츠
9221,홍대,미어캣프랜즈
9246,홍대,콜마인
9287,홍대,듀윗
9313,홍대,카페멜로우
9332,홍대,아쿠아쿠카페
9344,홍대,할리스커피 홍대입구역점
9359,홍대,구름뜬하늘
9365,홍대,미스터힐링 홍대역점
9374,홍대,공차 홍대점
9408,홍대,백란다방
9415,홍대,리쏘네
9417,홍대,할리스커피 홍대역점
9426,홍대,매직큐브 홍대직영2호점
9428,홍대,가비애
9460,홍대,코발트무드
9475,홍대,커피스미스 홍대점
9496,홍대,데일리라운드
9510,홍대,커피스튜디오
9521,홍대,커피랩
9622,홍대,더루미
9632,홍대,반지대학 홍대본점
9660,홍대,낙랑파라
9702,홍대,도토리앤다람쥐
9712,홍대,코마이스케이프 홍대점
9742,홍대,비스위트온
9854,홍대,트래블메이커
9880,홍대,아비아채 서울홍대점
9890,홍대,칼디커피
9920,홍대,메리마카롱
9946,홍대,투사이즈코리아
9957,홍대,보드놀이터
9962,홍대,더귀여워
9988,홍대,이제마스터디클럽 홍대점
9993,홍대,17도씨
10032,홍대,집사의하루 홍대점
10058,홍대,케이트앤케이크
10063,홍대,메이비
10071,홍대,러비니돌
10072,홍대,포라운지
10086,홍대,더조커 홍대2호점
10087,홍대,커피탐이나
10089,홍대,디저트머라이언
10116,홍대,오피스오브
10130,홍대,홍대반지카페 본점
10138,홍대,라포레스타
10144,홍대,브리오슈도레 서교동점
10152,홍대,그린클라우드
10166,건대,아르무아
10198,건대,도우터
10214,건대,카페히릿
10225,건대,아오스요거트
10251,건대,비에이치테이블
10265,건대,최가커피
10334,건대,밀피
10347,건대,랑데자뷰 건대점
10354,건대,커피나무 건대입구역점
10369,건대,냥토피아
10376,건대,마우스레빗
10426,건대,카페K375
10456,건대,북카페세모
10462,건대,CAFE22
10471,건대,카페온더플랜 건대점
10486,건대,스타벅스 건대입구점
10514,건대,오페뜨 건대점
10526,건대,온더볼륨
10532,건대,플레이독스
10537,건대,앨리스룸카페
10542,건대,도쿄빙수 건대점
10560,건대,키랩보드게임 룸카페 건대본점
10572,건대,리밀커피&밀리마카롱
10588,건대,투썸플레이스 건대입구점
10617,건대,스타벅스 건국대
10625,건대,레이니레인
10631,건대,카페오로시
10647,건대,칼레오 커피로스터스
10677,건대,홍콩다방 건대점
10689,건대,다빈치보드게임카페
10694,건대,커피마켓
10717,건대,타이거슈가 건대점
10723,건대,카페호이 자양점
10737,건대,벨롱에스프레소
10766,건대,소단
10770,건대,히어로보드게임카페 건대1호점
10789,건대,할리스커피 건대일감호수점
10799,건대,설빙 건대직영2호점
10827,건대,카페코튼
10842,건대,넥스트에디션 건대2호점
10847,건대,스타벅스 건대스타시티
10857,건대,엔제리너스 건대역점
10872,건대,치즈팩토리
10885,건대,폴바셋 더클래식500점
10892,건대,탐앤탐스 탐스커버리 건대점
10905,건대,알렉산더플라츠
10908,건대,마리웨일237 건대입구점
10914,건대,꼬메노
10950,건대,스타벅스 건국클래식
10960,건대,할리스커피 건대입구점
10973,건대,검정고무신 건대입구점
10977,건대,필라멘트
10982,건대,안다미로팬케이크
10990,건대,카페704호
11000,건대,할리스커피 화양점
11007,건대,스타벅스 자양사거리
11015,건대,히어로보드게임카페 건대본점
11027,건대,열매제과점
11053,건대,스타벅스 구의역
11069,건대,보드스토리 건대점
11070,건대,투썸플레이스 건대스타시티점
11077,건대,카페시벳 건대점
11093,건대,공차 건대점
11110,건대,스타벅스 구의DT
11127,건대,키랩보드게임 룸카페 프리미엄점
11130,건대,미스터힐링 건대점
11142,건대,투썸플레이스 구의역점
11147,건대,우연히 봄
11149,건대,솔버 건대1호점
11150,건대,색깔있는사주
11156,건대,이디야커피 건대예술대점
11158,건대,투고커피박스
11160,건대,탐앤탐스 탐스커버리 광진화양점
11168,건대,고망고
11185,건대,나인원 건대점
11186,건대,에스프레소바시
11191,건대,쥬씨 건대점
11202,건대,옥루몽 어린이대공원역점
11209,건대,빽다방 건대역화양점
11215,건대,모서리에커피집
11216,건대,펠어커피 구의점
11221,건대,커피빈 건대스타시티점
11228,건대,이스케이프플랜
11238,건대,597카페
11244,건대,카페26
11247,건대,바나프레소 건대역점
11251,건대,공차 어린이대공원역점
11256,건대,롬곡
11264,건대,보리스
11279,건대,자양제일커피
11284,건대,미어캣족장
11301,건대,스타벅스 어린이대공원역
11320,건대,더메이즈 건대점
11329,건대,띵킹커피
11356,건대,벌툰 건대점
11364,건대,코드네임블랙 건대점
11370,건대,팬더스윗
11375,건대,우주로캣
11382,건대,퐁퐁플라워 건대센터
11387,건대,꿈꾸다917
11394,건대,스타벅스 자양점
11411,건대,아이오쓰리
11413,건대,골든라이언
11416,건대,엔제리너스 건대영존점
11421,건대,룸카페 티파니
11424,건대,놀숲 건대점
11434,건대,커피디지 건대입구점
11437,건대,애드앤드
11444,건대,안티크코코 건대점
11451,건대,엔제리너스 롯데시네건대점
11458,건대,해피니스디저트 건대점
11471,건대,테이큰커피 건대점
11477,건대,빽다방 건대로데오점
11481,건대,오프로드커피
11482,건대,설빙 세종대점
11490,건대,퍼스트펭귄
11494,건대,"오늘도,내일도"
11509,건대,와이낫
11513,건대,요거프레소 건국대점
11515,건대,공차 건대스타시티점
11522,건대,줄리&몰리
11523,건대,공차 건대로데오점
11532,건대,서울230
11536,건대,하늘물고기
11555,가로수길,C27 가로수길본점
11710,가로수길,듀자미
11816,가로수길,도레도레 신사점
11910,가로수길,연립빵공장
11994,가로수길,논탄토
12026,가로수길,미노스
12033,가로수길,하이헤이헬로
12049,가로수길,할리스커피 세로수길점
12058,가로수길,이코복스커피 신사점
12088,가로수길,더케익스토리
12101,가로수길,카페봉수아
12107,가로수길,슈퍼말차 가로수길
12114,가로수길,아러바우트 신사
12118,가로수길,커피빈 뉴가로수길점
12132,가로수길,오버더카운터
12148,가로수길,시그널헌터 가로수길점
12149,가로수길,위펀
12150,가로수길,빽다방 신사역점
12153,가로수길,언더핑크
12162,가로수길,사주카페술
12170,가로수길,컬렉션서울
12183,가로수길,빈스빈스 가로수길점
12186,가로수길,아트씨
12199,가로수길,오너스그램
12202,가로수길,청수당갤러리
12210,가로수길,크레이지호스
12235,가로수길,가로수다방
12236,가로수길,리빙룸
12237,가로수길,레스빠스
12241,가로수길,리치카페
12243,가로수길,연립커피
12244,가로수길,또마
12245,가로수길,에이커스
12259,가로수길,베질루르
12304,가로수길,레이브릭스
12374,가로수길,오리지널 팬케이크하우스 가로수길점
12476,가로수길,카페에이빈
12478,가로수길,평화다방
12483,가로수길,소나
12534,가로수길,라에스키모
12538,가로수길,마일스톤커피
12600,가로수길,테일러커피 신사점
12642,가로수길,라빠뜨
12668,가로수길,아임뮤트
12694,가로수길,겟썸커피 신사점
12714,가로수길,카페드파리스 가로수길점
12723,가로수길,마망갸또 신사가로수길점
12943,가로수길,카페AT
12945,가로수길,컨플릭트스토어커피
12975,가로수길,발리와
12977,가로수길,일파운드
12978,가로수길,피르마
12982,가로수길,야카모즈
12985,종로,카페노티드 안국
13043,종로,블루보틀 삼청한옥
13148,종로,어니언 안국점
13239,종로,산모퉁이
13533,종로,스태픽스
13578,종로,포비 광화문점
13669,종로,프릳츠 원서점
13743,종로,더피아노(2021년4월까지 휴업)
13787,종로,포비브라이트 광화문점
13801,종로,아키비스트
13851,종로,청수당
13881,종로,테라로사 광화문점
13970,종로,레이어드
14112,종로,학림다방
14247,종로,개뿔
14287,종로,인왕산 대충유원지
14321,종로,카페아르크
14340,종로,올모스트홈카페 아트선재센터점
14363,종로,동백양과점 익선점
14433,종로,나무사이로
14532,종로,내자상회
14566,종로,부빙
14628,종로,카페뎀셀브즈 종로점
14855,종로,하이웨스트 익선
14881,종로,그린마일커피 북촌점
14913,종로,클럽에스프레소
15067,종로,H라운지
15074,종로,호텔세느장
15125,종로,밀크홀1937 종로점
15153,종로,카페키이로
15182,종로,제이히든하우스
15193,종로,차마시는뜰
15289,종로,그레인바운더리
15297,종로,커피스트
15396,종로,라카페갤러리
15428,종로,칠린
15448,종로,오제도
15478,종로,반쥴
15548,종로,메종드아베크엘
15568,종로,한옥찻집
15583,종로,호아드
15610,종로,대오서점
15639,종로,mk2
15692,종로,하이버
15709,종로,슬로우파크
15720,종로,펠트커피 광화문점
15758,종로,통인스윗
15829,종로,끼룩하우스
15842,종로,도트블랭킷
15871,종로,통인동커피공방
15946,종로,사직커피
15966,종로,빌리엔젤 대학로점
15981,종로,블루보틀 광화문
15993,종로,카페이마
16132,종로,커피한약방 혜화점
16142,종로,가배도 삼청점
16160,종로,미담헌
16189,종로,테르트르카페
16209,종로,결
16236,종로,스타벅스 더종로R점
16289,종로,코피티암커피 경복궁점
16334,종로,로코랩
16364,종로,베어카페
16391,종로,카페온화 익선점
16419,종로,하프커피 안국점
16433,종로,빌리엔젤 광화문점
16439,종로,와이엔
16468,종로,TXT커피
16494,종로,스타벅스 광화문R점
16548,종로,오디디
16557,종로,하이제씨
16577,종로,커피한잔
16605,종로,공공거실
16635,종로,블루룸
16673,종로,에일당
16724,종로,커브드커피
16736,종로,데미타스
16769,종로,뉴오리진 광화문점
16774,종로,카페트레블
16791,종로,프리시즌
16818,종로,풍류관
16834,종로,카페마마스 광화문점
16933,종로,폴바셋 광화문점
17009,종로,혜화역4번출구카페제이드
17016,종로,헤르만의정원
17046,종로,슬로우포레스트
17062,종로,프앙디
17081,종로,슬로스텝
17108,종로,애즈라이크
17119,종로,플리퍼스 익선점
17133,종로,타셴
17170,종로,카페드람브르
17207,종로,낫컴플리트
17226,종로,럼버잭
17253,종로,더숲 초소책방
17263,종로,익선주택
17273,종로,몽유도원도이창
17277,종로,마띠에르
17286,종로,키미아트
17324,종로,커피기업 광화문점
17351,종로,서울커피 익선점
17411,종로,코소
17417,종로,카페골목숲
17426,종로,에무시네마앤카페
17451,종로,폴키
17463,종로,도쿄빙수 익선점
17475,종로,스타벅스 광화문D타워점
17507,종로,우드앤브릭 케이트윈타워점
17535,종로,오얏꽃
17555,종로,스타벅스 안국점
17570,종로,빌리엔젤 종로관철점
17573,종로,스타벅스 경복궁역점
17588,종로,틈
17602,종로,서화커피
17617,종로,스타벅스 종로평창점
17626,종로,PKM가든카페
17631,종로,갤러리더스퀘어
17642,종로,마농트로포
17707,종로,놀숲 종로관철점
17711,종로,브라운에비뉴
17723,종로,보드레안다미로
17796,종로,mrd
17810,종로,반짝반짝빛나는
17854,종로,뜰안
17882,종로,파네트 크루아상팩토리
17901,종로,카페모뜨
17927,종로,쁘띠렌 대학로점
17935,종로,일월일일
17940,종로,회화나무
17950,종로,스타벅스 종각점
17985,종로,스타벅스 동묘앞역점
17996,종로,타이거슈가 광화문점
18006,종로,담장옆에국화꽃CCOT 안녕인사동점
18011,종로,카페알베르게
18019,종로,스타벅스 종로3가점
18048,종로,스타벅스 인사점
18060,종로,스타벅스 혜화역점
18062,종로,이음티하우스
18067,종로,할리스커피 세종로점
18086,종로,스타벅스 정부서울청사R점
18112,종로,스타벅스 마로니에공원점
18132,종로,카페보라 삼청본점
18160,종로,오후홍콩 대학로점
18164,종로,피앤티스퀘어
18168,종로,R카페
18178,종로,57th카페
18183,종로,라디오엠 삼청점
18219,종로,빌리엔젤 종각역점
18220,대학로,학림다방
18355,대학로,카페키이로
18384,대학로,칠린
18404,대학로,메종드아베크엘
18424,대학로,빌리엔젤 대학로점
18439,대학로,커피한약방 혜화점
18449,대학로,개뿔
18489,대학로,블루룸
18527,대학로,폴인팬케이크 대학로점
18544,대학로,스노브 대학로점
18583,대학로,벌툰 대학로점
18588,대학로,카페혜화동
18602,대학로,공공거실
18632,대학로,하이제씨
18652,대학로,슬로스텝
18674,대학로,타셴
18711,대학로,혜화역4번출구카페제이드
18718,대학로,마띠에르
18727,대학로,해로커피
18760,대학로,쁘띠렌 대학로점
18773,대학로,서화커피
18788,대학로,스타벅스 혜화역점
18790,대학로,덤앤더머 방탈출카페 대학로점
18798,대학로,타스카페
18807,대학로,카페트레블
18824,대학로,까페몽스
18836,대학로,낫컴플리트
18855,대학로,스타벅스 마로니에공원점
18875,대학로,미어캣파크 혜화점
18890,대학로,오후홍콩 대학로점
18894,대학로,일월일일
18899,대학로,브라운에비뉴
18911,대학로,헤이커피
18928,대학로,에그마카슈
18938,대학로,학림커피
18950,대학로,제뉴어리피크닉
18968,대학로,미스터힐링 대학로점
18969,대학로,비트포비아 대학로점
18976,대학로,공차 대학로점
18997,대학로,시크릿챔버
19014,대학로,로벨리아듀카페&와인
19018,대학로,설빙 혜화대학로점
19046,대학로,월드오브보드게임카페 대학로점
19052,대학로,티파니
19067,대학로,투썸플레이스 대학로점
19077,대학로,비밀의화원 대학로점
19083,대학로,가비아노
19096,대학로,혜화랑
19102,대학로,어웨이크커피바
19103,대학로,테르트르카페
19123,대학로,도밍고팩토리
19134,대학로,동숭동커피
19146,대학로,커핀그루나루 대학로점
19160,대학로,카페다오
19173,대학로,투썸플레이스 혜화로타리점
19185,대학로,재즈스토리 2호점
19189,대학로,셜록홈즈 대학로점
19190,대학로,스타벅스 성대입구점
19198,대학로,커피빈 혜화역1번출구점
19199,대학로,룸즈에이
19204,대학로,오가다 대학로본사점
19210,대학로,스타벅스 동숭로아트점
19213,대학로,커피빈 대학로마로니에점
19224,대학로,비투프로젝트
19249,대학로,커피빈 대학로점
19255,대학로,카페첫만남
19268,대학로,아뻬 서울
19288,대학로,위치스커피 대학로점
19300,대학로,할리스커피 대명거리점
19305,대학로,파스쿠찌 대학로점
19313,대학로,오드투디저트
19320,대학로,스타벅스 동숭길입구점
19322,대학로,리본윈도우
19328,대학로,키이스케이프 혜화점
19333,대학로,빽다방 대학로점
19340,대학로,205도씨
19373,대학로,공차 대학로마로니에점
19375,대학로,다비앙코
19379,대학로,성곽마루
19391,대학로,티티야
19392,대학로,탐앤탐스 대학로2호점
19397,대학로,방켓
19441,대학로,스타벅스 한성대입구역점
19453,대학로,콩툰 대학로점
19462,대학로,카페랑솜
19468,대학로,아마스빈 대학로점
19473,대학로,이디야커피 대학로점
19479,대학로,프릳츠 원서점
19553,대학로,보드스쿨 대학로점
19558,대학로,브루클린커피 대학로점
19577,대학로,오제도
19607,대학로,네임드에스프레소
19642,대학로,달콤한위로
19651,대학로,워너커피
19657,대학로,르아브르
19659,대학로,까사14-2
19670,대학로,나무요일
19682,대학로,블랙라인커피 대학로점
19686,대학로,모차르트
19690,대학로,쪽집게사주타로
19699,대학로,메리그린
19704,대학로,홈스테드 대학로점
19711,대학로,모베러블루스
19741,대학로,이디야커피 혜화역점
19747,대학로,카페인중독 대학로점
19750,대학로,카페패밀리앤프렌즈
19764,대학로,캐치카페 혜화점
19767,대학로,두채
19771,대학로,펀타임 대학로
19774,대학로,노모
19777,대학로,선남선녀카페
19779,대학로,카페사흘
19792,대학로,카페잇 마로니에공원점
19793,대학로,카페노티드 안국
19851,대학로,타르트앤
19856,대학로,더스키앤커피
19866,대학로,탐앤탐스 성대입구점
19875,대학로,플러스카페 마로니에공원점
19877,대학로,라미스
19878,대학로,TXT커피
19904,대학로,어니언 안국점
19995,대학로,카페락앤락
20000,대학로,일리카페 대학로점
20006,대학로,카페달달
20013,대학로,밀월
20025,대학로,스타벅스 서울대치과병원점
20027,대학로,스타벅스 삼선교점
20040,대학로,모퉁이카페효제눅
20054,대학로,카페브릿지
20062,대학로,헤이줄리
20067,대학로,연우재
20075,대학로,초교수카페
20081,대학로,혜화동콩집
20084,대학로,곰다방 본점
20092,광화문,포비 광화문점
20183,광화문,포비브라이트 광화문점
20192,광화문,테라로사 광화문점
20281,광화문,적당
20323,광화문,펠트커피 광화문점
20361,광화문,나무사이로
20455,광화문,카페이마
20589,광화문,덕수궁 리에제와플
20672,광화문,스타벅스 광화문R점
20726,광화문,루소랩 정동점
20793,광화문,블루보틀 광화문
20805,광화문,내자상회
20834,광화문,빌리엔젤 광화문점
20840,광화문,커피스트
20934,광화문,H라운지
20941,광화문,로코랩
20966,광화문,투썸플레이스 광화문점
20981,광화문,뉴오리진 광화문점
20986,광화문,스태픽스
21026,광화문,카페아르크
21040,광화문,바캉스커피
21052,광화문,카페펌킨
21058,광화문,루프트커피 광화문점
21071,광화문,스타벅스 광화문D타워점
21098,광화문,스타벅스 더종로R점
21146,광화문,카페마마스 광화문점
21245,광화문,폴바셋 광화문점
21321,광화문,결
21348,광화문,코피티암커피 경복궁점
21393,광화문,할리스커피 세종로점
21407,광화문,카페마마스 센터원점
21591,광화문,커피기업 광화문점
21617,광화문,호아드
21649,광화문,한옥찻집
21664,광화문,라카페갤러리
21691,광화문,우드앤브릭 케이트윈타워점
21714,광화문,카페마마스 시청점
21791,광화문,파네트 크루아상팩토리
21805,광화문,타이거슈가 광화문점
21810,광화문,마호가니 SFC점
21813,광화문,스타벅스 정부서울청사R점
21839,광화문,엔제리너스 세종로점
21847,광화문,에무시네마앤카페
21872,광화문,서울상회
21877,광화문,마담티라미수 디타워점
21883,광화문,도트블랭킷
21907,광화문,커피빈 광화문점
21918,광화문,폴바셋 종각역점
21923,광화문,스타벅스 환구단점
21958,광화문,크리에잇쿠키 광화문SFC몰점
21959,광화문,전광수커피하우스 정동점
21981,광화문,세루리안 인사점
21992,광화문,폴바셋 코리아나호텔점
22020,광화문,폴바셋 신문로점
22048,광화문,할리스커피 광화문점
22056,광화문,스타벅스 경복궁역점
22072,광화문,프리시즌
22094,광화문,헤븐온탑
22102,광화문,카페라그린
22110,광화문,애즈라이크
22116,광화문,스타벅스 경희궁로점
22119,광화문,스타벅스 광화문우체국점
22132,광화문,커피집
22138,광화문,스타벅스 적선점
22153,광화문,스타벅스 새문안로점
22158,광화문,이지샐러드 시청점
22169,광화문,카페게더 광화문점
22172,광화문,다만프레르 SFC점
22188,광화문,커피한잔
22211,광화문,파스쿠찌 광화문점
22214,광화문,마농트로포
22279,광화문,카페종로시장
22293,광화문,스타벅스 경복궁사거리점
22302,광화문,스타벅스 시청플러스점
22309,광화문,아마스빈 종로점
22317,광화문,브릭웰
22318,광화문,오설록 티하우스 인사동점
22373,광화문,카페드람브르
22405,광화문,57th카페
22410,광화문,브루다 광화문점
22411,광화문,뒤주르
22414,광화문,엔제리너스 무교점
22417,광화문,소진담 안녕인사동점
22426,광화문,담
22441,광화문,반짝반짝빛나는
22480,광화문,까치화방 종로점
22490,광화문,브루다커피 광화문점
22493,광화문,별다방미스리 인사동점
22609,광화문,스타벅스 종로구청
22614,광화문,소꿉놀이
22626,광화문,페이퍼마쉐
22631,광화문,투썸플레이스 종각역점
22659,광화문,산다미아노
22687,광화문,가을
22691,광화문,설빙 종각점
22719,광화문,플랫
22721,광화문,홀드미커피 광화문점
22733,광화문,브리오슈도레 그랑서울점
22737,서울대입구,황홀경
22784,서울대입구,티라노커피
22818,서울대입구,미드레벨
22873,서울대입구,카페미엘
22900,서울대입구,오후의과일
22955,서울대입구,데일리오아시스 샤로수길점
22985,서울대입구,서울테이블
22998,서울대입구,시트론오피스
23026,서울대입구,스타벅스 관악서울대입구R점
23054,서울대입구,릴트
23070,서울대입구,온고지신
23102,서울대입구,아띠
23147,서울대입구,소디스커피
23162,서울대입구,스타벅스 서울대입구역점
23191,서울대입구,카페폴
23222,서울대입구,뉴욕택시디저트
23250,서울대입구,용마커피&바
23261,서울대입구,커피나무 서울대입구역점
23269,서울대입구,프로젝트서울
23282,서울대입구,그레이프라운지
23290,서울대입구,고로커피로스터스(휴업중)
23318,서울대입구,아모르미오
23362,서울대입구,오목눈이
23398,서울대입구,히든스페이스
23407,서울대입구,오렌지연필
23438,서울대입구,투썸플레이스 서울대입구역점
23468,서울대입구,스타벅스 서울대역
23484,서울대입구,새실정원
23501,서울대입구,옐로우버터드림
23508,서울대입구,피기스페이보릿
23521,서울대입구,커피볶는여자
23529,서울대입구,가온길 서울대입구역점
23556,서울대입구,투썸플레이스 서울대역중앙점
23583,서울대입구,카페프레임
23594,서울대입구,탐앤탐스 서울대입구점
23609,서울대입구,커피빈 서울대입구역점
23627,서울대입구,통툰만화카페 서울대입구역점
23638,서울대입구,할리스커피 서울대사거리점
23654,서울대입구,카페미뇽 샤로수점
23659,서울대입구,자상한시간
23663,서울대입구,반조
23676,서울대입구,설빙 서울대입구역점
23703,서울대입구,여기는카페다
23706,서울대입구,관객의취향
23715,서울대입구,고요서울
23717,서울대입구,나에게오는길
23728,서울대입구,월간상회
23748,서울대입구,스타벅스 낙성대역점
23760,서울대입구,스윗헤르츠
23765,서울대입구,메가커피 서울대입구점
23768,서울대입구,도쿄빙수 샤로수길점
23775,서울대입구,셜록홈즈 서울대입구점
23780,서울대입구,서울커피디저트
23789,서울대입구,놀숲 서울대입구역점
23796,서울대입구,빽다방 서울대메트로빌점
23804,서울대입구,사담
23807,서울대입구,커피나무 낙성대역점
23808,서울대입구,IL Coffee
23820,서울대입구,컴포즈커피 관악구청점
23823,서울대입구,카페요와
23832,서울대입구,빽다방 관악구청점
23851,서울대입구,오거트
23856,서울대입구,러브낚시카페 신림점
23857,서울대입구,조이스커피
23859,서울대입구,이디야커피 관악구청점
23877,서울대입구,흑화당 서울대입구역점
23883,서울대입구,스몰월드 서울대점
23884,서울대입구,그릿커피랩
23894,서울대입구,카페샤라라
23899,서울대입구,미라보
23905,서울대입구,카페베네 서울대역점
23923,서울대입구,칠하나둘
23931,서울대입구,더벤티 서울대입구역점
23937,서울대입구,카페서른살
23948,서울대입구,이디야커피 청룡중앙점
23956,서울대입구,아망
23966,서울대입구,커피어반
23972,서울대입구,카푸치노스트립 봉천역점
23991,서울대입구,카페산다
24010,서울대입구,책읽는고양이
24011,서울대입구,커피빈 낙성대역점
24014,서울대입구,캐치카페 서울대
24015,서울대입구,uncle-B
24021,서울대입구,모비딕커피
24039,서울대입구,포퀸스보드카페
24042,서울대입구,쥬씨 서울대입구역점
24051,서울대입구,카페청신호
24053,서울대입구,미니어처공방&카페
24056,서울대입구,어블리
24069,성수,블루보틀 성수
24195,성수,로우커피스탠드
24249,성수,차 성수점
24305,성수,쎈느
24321,성수,슈퍼말차 성수
24350,성수,메쉬커피
24418,성수,센터커피 서울숲점
24463,성수,오르에르
24542,성수,플디
24568,성수,카페오롯
24581,성수,로우키
24630,성수,카페성수
24675,성수,앤아더
24707,성수,업사이드 뚝섬점
24736,성수,모멘토브루어스
24799,성수,오거트
24809,성수,체다앤올리
24837,성수,멜로워 성수플래그쉽
24881,성수,할아버지공장
24958,성수,크림라벨
24964,성수,EERT
24991,성수,맛차차
25023,성수,오브코하우스
25043,성수,SAISA
25056,성수,푸르너스가든 서울숲점
25073,성수,루프탑카페 연무장
25091,성수,도렐 육지3호점
25118,성수,묘사서울
25150,성수,후식당
25176,성수,치카치카
25194,성수,카페라잌유
25203,성수,카페 스밍 스튜디오
25210,성수,어니언
25389,성수,스타벅스 뚝섬역
25404,성수,OUDO
25411,성수,옹근달
25440,성수,5TO7
25459,성수,하루&원데이
25472,성수,마를리
25502,성수,대림창고
25690,성수,카페포제
25741,성수,위커파크 성수점
25746,성수,그레이트커피
25788,성수,칸토
25798,성수,모리티아
25803,성수,빌로우 성수점
25819,성수,이월로스터스 성수점
25828,성수,매머드커피 서울숲점
25831,성수,큐브엔터테인먼트 20스페이스
25837,성수,프라이데이무브먼트
25848,성수,커피식탁
25862,성수,마크69
25877,성수,카페온화 성수점
25899,성수,카페타치
25916,성수,피어커피 성수
25946,성수,커피오스 본점
25947,성수,스타벅스 서울숲역
25956,성수,자그마치
26039,성수,헤이보울
26075,성수,바이산
26117,성수,어라운드데이
26136,성수,하프커피 성수점
26144,성수,우디집
26167,성수,백야드빌더 성수점
26172,성수,타임애프터타임
26189,성수,베러 로스팅랩&쇼룸
26196,성수,비엔나커피하우스 서울숲역점
26197,성수,하루노유키
26212,성수,코시나
26220,성수,컨템포
26227,성수,알비
26230,성수,성수빈티지
26232,성수,파머스카페
26244,성수,글로우
26272,성수,카나비스트릿
26277,성수,커피오스
26302,성수,훔볼트
26331,성수,성수지앵협동조합
26346,성수,가비당
26348,성수,스타벅스 성수역점
26355,성수,빽다방 서울숲역점
26360,성수,카모플라쥬
26372,성수,에그마카슈 성수
26378,성수,파스쿠찌 서울숲점
26382,성수,티핀
26391,성수,공차 서울숲점
26394,성수,산도카페
26397,성수,루디먼트
26401,성수,힐스커피
26404,성수,커피볶는집낙타 본점
26413,성수,엘카페
26415,성수,에젤커피
26422,성수,에롤파
26432,성수,다르시
26440,성수,단일서울
26448,연남동,땡스오트 연남점
26493,연남동,딩가케이크
26569,연남동,연남방앗간
26603,연남동,모멘트커피 1호점
26620,연남동,벌스가든&하우스
26664,연남동,정항우케익 서울연남점
26665,연남동,17도씨
26704,연남동,비포블루밍
26711,연남동,트래블메이커
26732,연남동,포라운지
26746,연남동,공그로트
26769,연남동,연남동벚꽃집
26778,연남동,카페 크루이프14
26781,연남동,연남동고양이
26783,연남동,쟈드니에
26809,연남동,커피감각
26823,연남동,빈포데스크
26831,연남동,코지M
26835,연남동,커피비 홍대점
26838,연남동,블랙티드
26846,연남동,카페본주르
26853,연남동,차이
26856,연남동,카페민트제이
26857,연남동,카페테드
26858,연남동,빌보드게임카페
26868,연남동,나인당케
26870,영등포,카페1953위드오드리
26906,영등포,호텔707
26958,영등포,카페드레이프
26984,영등포,마호가니커피 여의도점
27016,영등포,라크라센타 문래본점
27062,영등포,어라운지 선유도점
27075,영등포,카페기글
27085,영등포,이스트우드
27104,영등포,빌리엔젤 당산역점
27108,영등포,보사노바 문래점
27137,영등포,카페드람브르 영등포직영2호점
27153,영등포,노버든
27167,영등포,커피리브레 타임스퀘어점
27219,영등포,빌리엔젤 여의도삼성생명점
27228,영등포,스타벅스 영등포신길DT점
27255,영등포,쓰리버즈 IFC점
27269,영등포,선유기지
27284,영등포,쏭카페
27291,영등포,홍설
27329,영등포,레어그루브
27339,영등포,헤비로테이트
27348,영등포,스타벅스 영등포본동점
27362,영등포,엘리스커피하우스
27375,영등포,투썸플레이스 여의도점
27407,영등포,카페설리번 당산점
27425,영등포,10G
27439,영등포,브리오슈도레 여의도역점
27454,영등포,스타벅스 영등포역점
27457,영등포,커피기업 여의도점
27470,영등포,스타벅스 선유동이레빌딩점
27481,영등포,카페미라루나
27482,영등포,서울하우징랩
27486,영등포,하얀과자점
27497,영등포,하늘유리
27501,영등포,아이엠베이글 여의도점
27517,영등포,스타벅스 여의도역R점
27529,영등포,루트442
27543,영등포,스타벅스 여의도IFC점
27557,영등포,보드게임아지트
27568,영등포,스타벅스 문래동점
27582,영등포,카페콜론 여의도점
27590,영등포,패트릭스와플 2호점
27596,영등포,카페오가닉 여의도본점
27608,영등포,스타벅스 문래역점
27623,영등포,코코빈스
27633,영등포,스타벅스 여의도점
27659,영등포,백스트로크
27668,영등포,카페엘디아
27677,영등포,할리스커피 당산역점
27703,영등포,스타벅스 영등포KT점
27704,영등포,투썸플레이스 영등포구청역점
27715,영등포,디아날로그
27721,영등포,루타99
27735,영등포,여의도켄싱턴호텔 더뷰라운지
27737,영등포,폴바셋 여의도점
27767,영등포,예일타운커피랩
27779,영등포,소니도
27788,영등포,뉴오리진 IFC몰점
27803,영등포,커피메이플
27813,영등포,문래방구
27816,영등포,상진다방
27818,영등포,팥이재
27855,영등포,스타벅스 당산점
27868,영등포,이스케이프시티
27874,영등포,스타벅스 동여의도점
27880,영등포,메이커스 유니온스퀘어
27889,영등포,투썸플레이스 대방역점
27902,영등포,올리버브라운 여의도점
27915,영등포,폴바셋 국회의사당역점
27925,영등포,투썸플레이스 국회의사당역점
27928,영등포,커피팩토리쏘 무역점
27939,영등포,서울커피 여의도점
27957,영등포,곳온니플레이스 올드스트릿점
27969,영등포,카페마마스 타임스퀘어점
28092,영등포,스타벅스 국회의사당역
28097,영등포,오브카페
28107,영등포,엔제리너스 영등포점
28117,영등포,매머드커피 여의도S점
28124,영등포,할리스커피 영등포점
28144,영등포,남대문커피 여의도점
28153,영등포,스타벅스 여의도화재보험점
28158,영등포,투썸플레이스 선유도역점
28172,영등포,안스허니카페
28179,영등포,카페오후
28193,영등포,벌툰 당산점
28200,영등포,스타벅스 당산대로점
28214,영등포,스타벅스 샛강역점
28222,영등포,스토리지 문래
28234,영등포,할리스커피 선유도역점TS카페
28238,영등포,카페마마스 여의도IFC몰점
28248,영등포,차호로록
28253,영등포,유스커피
28262,영등포,공차 영등포구청점
28276,영등포,수만화카페
28282,영등포,이디야커피 신풍역점
28287,영등포,카페버킷리스트
28288,영등포,드롭탑 서여의도점
28306,영등포,크레이지토마토 문래창작촌점
28308,영등포,빌리엔젤 여의도IFC몰점
28312,영등포,웰위치아
28324,영등포,할리스커피 보라매역점
28329,영등포,커피볶는피루니
28336,영등포,스타벅스 국회대로점
28341,영등포,미스터토리
28355,영등포,스타벅스 여의도ABL타워점
28358,영등포,스타벅스 하이테크시티점
28367,영등포,공차 여의도점
28381,영등포,투썸플레이스 대림삼거리점
28385,영등포,스타벅스 여의도의사당점
28395,영등포,스타벅스 여의도일신점
28400,영등포,파스쿠찌 여의도2호점
28405,영등포,평화다방 여의도삼성생명점
28411,영등포,할리스커피 여의도파이낸스타워점
28413,영등포,이레주물카페앤펍
28416,영등포,빽다방 영등포구청역점
28425,영등포,커피빈 문래동점
28451,영등포,헤븐온탑 디스트릭트와이점
28453,영등포,커피마리오
28466,영등포,슈퍼커피 문래점
28474,영등포,커피빈 타임스퀘어점
28479,영등포,파스쿠찌 보라매공원점
28481,영등포,파스쿠찌 당산역점
28485,영등포,투썸플레이스 영등포CGV점
28490,영등포,도토리소년
28492,왕십리,인더매스 마장
28522,왕십리,키커피컴퍼니
28535,왕십리,갈십리
28548,왕십리,유유커피
28556,왕십리,뜨아아아커피집
28569,왕십리,스타벅스 왕십리역점
28582,왕십리,봉다방
28623,왕십리,브라운팟
28635,왕십리,나인헤르츠
28655,왕십리,스타벅스 엔터식스점
28663,왕십리,투썸플레이스 왕십리역점
28673,왕십리,아리가또
28689,왕십리,팀메리
28703,왕십리,10페이지 한양대1호점
28712,왕십리,플레이그라운드
28715,왕십리,마음온도카페
28720,왕십리,할리스커피 한양대시티빌점
28727,왕십리,설빙 한양대점
28736,왕십리,윙보드게임카페
28739,왕십리,커피빈 왕십리민자역사점
28745,왕십리,작은카페
28755,왕십리,흥신소
28767,왕십리,빽다방 왕십리역점
28770,왕십리,이디야커피 왕십리역점
28775,왕십리,히포커피 한양대점
28782,왕십리,놀숲 한양대점
28787,왕십리,카페소재
28795,왕십리,이디야커피 왕십리비트플렉스점
28796,왕십리,할리스커피 성동구청점
28802,왕십리,통툰 왕십리역점
28807,왕십리,체셔코믹스카페
28809,익선동,청수당
28845,익선동,카페노티드 안국
28898,익선동,커피한약방
29068,익선동,동백양과점 익선점
29133,익선동,카페뎀셀브즈 종로점
29361,익선동,호텔세느장
29417,익선동,밀크홀1937 종로점
29450,익선동,하이웨스트 익선
29476,익선동,어니언 안국점
29567,익선동,그레인바운더리
29570,익선동,호랑이
29702,익선동,프릳츠 원서점
29776,익선동,반쥴
29846,익선동,카페마마스 센터원점
30025,익선동,포비 광화문점
30116,익선동,레이어드
30253,익선동,끼룩하우스
30271,익선동,미담헌
30300,익선동,적당
30347,익선동,한옥찻집
30367,익선동,카페온화 익선점
30395,익선동,챔프커피 제3작업실
30430,익선동,을지다방
30440,익선동,테라로사 광화문점
30529,익선동,결
30556,익선동,죠지 서울
30600,익선동,스타벅스 더종로R점
30653,익선동,에일당
30704,익선동,할리스커피 종로본점
30732,익선동,잔
30785,익선동,커브드커피
30797,익선동,홍만당 명동본점
30809,익선동,카페드람브르
30846,익선동,프앙디
30865,익선동,플리퍼스 익선점
30880,익선동,세루리안 인사점
30896,익선동,서울상회
30901,익선동,쎄투
30916,익선동,바캉스커피
30933,익선동,서울커피 익선점
30993,익선동,익선주택
31004,익선동,오얏꽃
31024,익선동,틈
31038,익선동,로코랩
31063,익선동,놀숲 종로관철점
31067,익선동,호텔수선화
31122,익선동,빌리엔젤 종로관철점
31125,익선동,도트블랭킷
31154,익선동,반짝반짝빛나는
31193,익선동,블루보틀 삼청한옥
31298,익선동,뜰안
31326,익선동,투썸플레이스 종로3가역점
31332,익선동,스타벅스 종로3가점
31361,익선동,도쿄빙수 익선점
31368,익선동,분카샤 을지로점
31409,익선동,스타벅스 인사점
31421,익선동,커피사
31452,익선동,온
31489,익선동,루프트커피 광화문점
31502,익선동,마당플라워카페
31527,익선동,펠트커피 광화문점
31560,익선동,스타벅스 종각점
31595,익선동,서울라이트
31614,익선동,설빙 종각점
31642,익선동,R카페
31653,익선동,벌툰 종각점
31662,익선동,투썸플레이스 종각역점
31690,익선동,블루보틀 광화문
31697,익선동,노아스로스팅 을지로점
31713,익선동,베로나
31730,익선동,오바바
31733,익선동,감꽃당
31759,익선동,보드스토리
31767,익선동,커피스미스 종로점
31772,익선동,타이거타이거
31779,익선동,애프터저크오프
31810,익선동,타이거슈가 광화문점
31820,익선동,커피빈 종로관철동점
31830,익선동,아이디어스스토어
31837,익선동,루스카
31866,익선동,투썸플레이스 파인애비뉴점
31873,익선동,아마츄어작업실
31881,익선동,카페종로시장
31895,익선동,빌리엔젤 종각역점
31896,익선동,호아드
31928,익선동,스타벅스 종로관철점
31936,익선동,루이스의사물들
31948,익선동,상자속고양이
31951,익선동,센터커피 명동점
31962,익선동,카페이마
32096,익선동,더스팟 패뷸러스
32127,익선동,스타벅스 안국점
32137,익선동,까치화방 종로점
32152,익선동,타이거슈가 명동점
32162,익선동,소진담 안녕인사동점
32166,익선동,루프트 명동점
32185,익선동,폴바셋 을지로파인에비뉴점
32191,익선동,설빙 서울인사점
32216,익선동,스타벅스 광교점
32223,익선동,북해빙수 수표점
32228,익선동,경인미술관 전통다원
32264,익선동,만홧가게
32271,익선동,별다방미스리 인사동점
32387,익선동,문화공간온
32388,익선동,클래직
32418,익선동,미스터힐링 종각역점
32420,익선동,스타벅스 광화문D타워점
32452,익선동,투썸플레이스 종로알파빌딩점
32455,익선동,스타벅스 서울극장점
32466,익선동,파스쿠찌 종로2가점
32471,익선동,카페마마스 광화문점
32565,익선동,오제도
32595,익선동,와이엔
32624,익선동,더앨리 명동점
32636,익선동,폴바셋 광화문점
32712,익선동,빌리엔젤 명동점
32715,익선동,오타르
32722,익선동,을지빈
32748,익선동,스타벅스 을지로2가점
32749,익선동,전통찻집지대방
32766,익선동,투썸플레이스 을지로점
32769,익선동,섬광
32798,익선동,카페느티
32808,익선동,덕수궁 리에제와플
32891,익선동,아씨에뜨앤
32898,익선동,라라브레드 안국점
32909,익선동,우드앤브릭 케이트윈타워점
32932,익선동,이디야커피 종로3가점
32939,익선동,오브렛
32943,익선동,엔제리너스 명동시티호텔점
32948,익선동,카페집
32950,익선동,회화나무
32955,익선동,펜앤커피
32957,익선동,주시브로스 그랑서울점
32964,익선동,라미스콘 익선점
32969,익선동,가배도 삼청점
32981,익선동,폴바셋 페럼타워점
33043,익선동,귀천
33057,익선동,브람스
33064,익선동,스타벅스 중구저동점
33070,익선동,이디야커피 탑골공원점
33073,익선동,풍경이있는전통찻집
33077,익선동,라렌느
33078,익선동,스타벅스 광화문R점
33132,한남동,맥심플랜트
33228,한남동,사유
33287,한남동,앤트러사이트 한남점
33380,한남동,테라로사 한남점
33397,한남동,언더야드
33423,한남동,써머레인
33479,한남동,라페름
33565,한남동,오아시스 한남점
33585,한남동,챔프커피 1작업실
33615,한남동,원인어밀리언
33668,한남동,샐러드셀러
33716,한남동,북파크
33743,한남동,카페 노티드 한남
33746,한남동,한남베르그
33776,한남동,블루보틀 한남
33803,한남동,33아파트먼트
33837,한남동,아러바우트 한남
33850,한남동,빌리엔젤 이태원점
33852,한남동,팬케익오리지널스토리 한남점
33930,한남동,앤더슨씨
33936,한남동,울프소셜클럽
34018,한남동,4.2브런치카페
34025,한남동,어퍼콜라보
34039,한남동,앤게더
34045,한남동,스타벅스 한강진역R점
34082,한남동,한남작업실
34102,한남동,나인원
34103,한남동,수르기
34148,한남동,콰르텟 사운즈한남점
34174,한남동,폴바셋 한남커피스테이션
34185,한남동,아이라이크마운틴
34188,한남동,앤드커피랩
34240,한남동,스타벅스 한남동R
34254,한남동,로우커피한남
34275,한남동,코뮨
34288,한남동,웻커피 한남점
34298,한남동,제이엘디저트바
34302,한남동,오라라
34314,한남동,스타벅스 순천향입구점
34320,한남동,콜렉티보 한남점
34334,한남동,16p
34341,한남동,한남라메종
34344,한남동,아카이뷰
34353,한남동,콘하스 한남
34364,한남동,벨루스
34365,한남동,엔다이브한남
34374,한남동,MTL 한남점
34403,한남동,스테이모어
34413,한남동,세시셀라 한남동점
34424,한남동,홉가든한남
34436,한남동,모또
34444,한남동,오리앙떼
34450,한남동,컨템포러리1
34459,한남동,산수화
34467,한남동,필인베이크
34469,한남동,릴리펏 한남더힐점
34474,한남동,파온
34475,한남동,크레이트커피
34479,한남동,모모
